Cd,velocity,level
0.50,0,0.0
0.55,0,0.1
0.60,0,0.2
0.65,0,0.3
0.70,0,0.4
0.75,0,0.5
0.80,0,0.6
0.85,0,0.7
0.90,0,0.8
0.95,0,0.9
1.00,0,1.0
0.50,100,0.0
0.55,100,0.1
0.60,100,0.2
0.65,100,0.3
0.70,100,0.4
0.75,100,0.5
0.80,100,0.6
0.85,100,0.7
0.90,100,0.8
0.95,100,0.9
1.00,100,1.0
0.50,200,0.0
0.55,200,0.1
0.60,200,0.2
0.65,200,0.3
0.70,200,0.4
0.75,200,0.5
0.80,200,0.6
0.85,200,0.7
0.90,200,0.8
0.95,200,0.9
1.00,200,1.0
0.50,238,0.0
0.55,238,0.1
0.60,238,0.2
0.65,238,0.3
0.70,238,0.4
0.75,238,0.5
0.80,238,0.6
0.85,238,0.7
0.90,238,0.8
0.95,238,0.9
1.00,238,1.0
0.60,306,0.0
0.65,306,0.1
0.70,306,0.2
0.75,306,0.3
0.80,306,0.4
0.85,306,0.5
0.90,306,0.6
0.95,306,0.7
1.00,306,0.8
1.05,306,0.9
1.10,306,1.0
0.80,340,0.0
0.85,340,0.1
0.90,340,0.2
0.95,340,0.3
1.00,340,0.4
1.05,340,0.5
1.10,340,0.6
1.15,340,0.7
1.20,340,0.8
1.25,340,0.9
1.30,340,1.0
0.65,408,0.0
0.70,408,0.1
0.75,408,0.2
0.80,408,0.3
0.85,408,0.4
0.90,408,0.5
0.95,408,0.6
1.00,408,0.7
1.05,408,0.8
1.10,408,0.9
1.15,408,1.0
0.55,680,0.0
0.60,680,0.1
0.65,680,0.2
0.70,680,0.3
0.75,680,0.4
0.80,680,0.5
0.85,680,0.6
0.90,680,0.7
0.95,680,0.8
1.00,680,0.9
1.05,680,1.0
0.55,1700,0.0
0.60,1700,0.1
0.65,1700,0.2
0.70,1700,0.3
0.75,1700,0.4
0.80,1700,0.5
0.85,1700,0.6
0.90,1700,0.7
0.95,1700,0.8
1.00,1700,0.9
1.05,1700,1.0
